	line	other	script
0	1	2.0	1.0
1	2	7.0	0.0
2	3	13.0	2.0
3	4	0.0	0.0
4	5	6.0	0.0
5	6	10.0	1.0
6	7	0.0	3.0
7	8	135.0	0.0
8	9	2.0	1.0
9	10	0.0	0.0
10	11	10.0	0.0
11	12	10.0	0.0
12	13	0.0	1.0
13	14	1.0	2.0
14	15	129.0	0.0
15	16	0.0	3.0
16	17	242.0	0.0
17	18	32.0	0.0
18	19	27.0	0.0
19	20	32.0	5.0
20	21	8.0	0.0
21	22	19.0	0.0
22	23	490.0	0.0
23	24	0.0	10.0
24	25	8.0	0.0
25	26	1.0	0.0
26	27	19.0	0.0
27	28	0.0	1.0
28	29	1.0	0.0
29	30	8.0	0.0
30	31	9.0	1.0
31	32	78.0	0.0
32	33	0.0	1.0
33	34	0.0	0.0
34	35	0.0	0.0
35	36	78.0	0.0
36	37	0.0	2.0
37	38	0.0	0.0
38	39	12.0	0.0
39	40	0.0	0.0
40	41	0.0	0.0
41	42	0.0	1.0
42	43	0.0	0.0
43	44	11.0	0.0
44	45	0.0	0.0
45	46	4.0	0.0
46	47	4.0	0.0
47	48	0.0	2.0
48	49	0.0	0.0
49	50	0.0	1.0
50	51	0.0	0.0
51	52	2.0	0.0
52	53	1.0	0.0
53	54	0.0	0.0
54	55	0.0	0.0
55	56	0.0	0.0
56	57	4.0	0.0
57	58	3.0	0.0
58	59	0.0	0.0
59	60	0.0	0.0
60	61	0.0	0.0
61	62	0.0	1.0
62	63	0.0	0.0
63	64	11.0	0.0
64	65	0.0	0.0
65	66	0.0	0.0
66	67	0.0	0.0
67	68	1.0	0.0
68	69	1.0	0.0
69	70	14.0	0.0
70	71	0.0	0.0
71	72	5.0	0.0
72	73	0.0	0.0
73	74	0.0	1.0
74	75	0.0	0.0
75	76	0.0	0.0
76	77	0.0	1.0
77	78	10.0	0.0
78	79	8.0	0.0
79	80	8.0	0.0
80	81	11.0	0.0
81	82	1.0	0.0
82	83	0.0	0.0
83	84	7.0	0.0
84	85	1.0	0.0
85	86	12.0	0.0
86	87	2.0	0.0
87	88	0.0	0.0
88	89	2.0	0.0
89	90	1.0	0.0
90	91	1.0	3.0
91	92	2.0	4.0
92	93	3.0	4.0
93	94	3.0	0.0
94	95	0.0	0.0
95	96	0.0	0.0
96	97	136.0	1.0
97	98	0.0	0.0
98	99	13.0	0.0
99	100	12.0	0.0
100	101	0.0	0.0
101	102	0.0	0.0
102	103	5.0	0.0
103	104	4.0	0.0
104	105	76.0	0.0
105	106	38.0	1.0
106	107	40.0	0.0
107	108	13.0	1.0
108	109	14.0	0.0
109	110	0.0	0.0
110	111	13.0	0.0
111	112	17.0	0.0
112	113	3.0	0.0
113	114	2.0	0.0
114	115	17.0	0.0
115	116	19.0	0.0
116	117	5.0	0.0
117	118	18.0	0.0
118	119	0.0	1.0
119	120	0.0	2.0
120	121	9.0	2.0
121	122	12.0	0.0
122	123	21.0	0.0
123	124	55.0	1.0
124	125	0.0	0.0
125	126	0.0	0.0
126	127	2.0	0.0
127	128	0.0	0.0
128	129	0.0	0.0
129	130	0.0	1.0
130	131	12.0	0.0
131	132	0.0	0.0
132	133	0.0	1.0
133	134	10.0	0.0
134	135	0.0	0.0
135	136	0.0	0.0
136	137	11.0	0.0
137	138	0.0	0.0
138	139	0.0	0.0
139	140	0.0	0.0
140	141	0.0	0.0
141	142	0.0	0.0
142	143	0.0	0.0
143	144	0.0	1.0
144	145	25.0	1.0
145	146	0.0	0.0
146	147	0.0	0.0
147	148	3.0	0.0
148	149	0.0	2.0
149	150	1.0	0.0
150	151	0.0	1.0
151	152	0.0	3.0
152	153	0.0	3.0
153	154	3.0	0.0
154	155	0.0	0.0
155	156	11.0	0.0
156	157	1.0	0.0
157	158	2.0	1.0
158	159	0.0	0.0
159	160	2.0	0.0
160	161	19.0	0.0
161	162	67.0	0.0
162	163	0.0	0.0
163	164	0.0	0.0
164	165	7.0	0.0
165	166	5.0	0.0
166	167	4.0	0.0
167	168	6.0	0.0
168	169	1.0	0.0
169	170	1.0	0.0
170	171	2.0	0.0
171	172	25.0	0.0
172	173	12.0	0.0
173	174	3.0	0.0
174	175	4.0	0.0
175	176	5.0	0.0
176	177	11.0	0.0
177	178	4.0	0.0
178	179	5.0	0.0
179	180	9.0	0.0
180	181	7.0	0.0
181	182	3.0	0.0
182	183	5.0	1.0
183	184	11.0	0.0
184	185	2.0	1.0
185	186	2.0	0.0
186	187	1.0	0.0
187	188	4.0	0.0
188	189	1.0	2.0
189	190	0.0	0.0
190	191	16.0	0.0
191	192	3.0	0.0
192	193	5.0	0.0
193	194	7.0	0.0
194	195	10.0	0.0
195	196	5.0	1.0
196	197	0.0	1.0
197	198	15.0	2.0
198	199	4.0	0.0
199	200	7.0	0.0
200	201	4.0	0.0
201	202	3.0	1.0
202	203	8.0	0.0
203	204	3.0	0.0
204	205	38.0	0.0
205	206	14.0	0.0
206	207	1.0	1.0
207	208	4.0	1.0
208	209	5.0	0.0
209	210	12.0	1.0
210	211	4.0	1.0
211	212	11.0	0.0
212	213	4.0	0.0
213	214	6.0	0.0
214	215	11.0	0.0
215	216	0.0	2.0
216	217	0.0	0.0
217	218	0.0	1.0
218	219	0.0	0.0
219	220	0.0	0.0
220	221	0.0	3.0
221	222	2.0	0.0
222	223	4.0	0.0
223	224	0.0	2.0
224	225	11.0	2.0
225	226	0.0	0.0
226	227	8.0	4.0
227	228	0.0	0.0
228	229	7.0	0.0
229	230	2.0	0.0
230	231	8.0	0.0
231	232	3.0	0.0
232	233	0.0	0.0
233	234	1.0	0.0
234	235	11.0	0.0
235	236	4.0	0.0
236	237	2.0	1.0
237	238	5.0	0.0
238	239	5.0	1.0
239	240	16.0	0.0
240	241	25.0	0.0
241	242	10.0	0.0
242	243	10.0	0.0
243	244	9.0	0.0
244	245	5.0	0.0
245	246	2.0	0.0
246	247	28.0	2.0
247	248	10.0	2.0
248	249	2.0	0.0
249	250	14.0	0.0
250	251	8.0	0.0
251	252	16.0	0.0
252	253	2.0	0.0
253	254	4.0	0.0
254	255	2.0	0.0
255	256	3.0	0.0
256	257	5.0	0.0
257	258	2.0	0.0
258	259	0.0	0.0
259	260	2.0	0.0
260	261	11.0	0.0
261	262	0.0	0.0
262	263	12.0	1.0
263	264	0.0	0.0
264	265	0.0	0.0
265	266	1.0	1.0
266	267	0.0	1.0
267	268	0.0	0.0
268	269	0.0	1.0
269	270	0.0	0.0
270	271	0.0	0.0
271	272	0.0	1.0
272	273	0.0	1.0
273	274	0.0	0.0
274	275	0.0	0.0
275	276	0.0	0.0
276	277	1.0	0.0
277	278	3.0	2.0
278	279	10.0	0.0
279	280	2.0	0.0
280	281	0.0	0.0
281	282	0.0	0.0
282	283	0.0	0.0
283	284	7.0	1.0
284	285	0.0	0.0
285	286	0.0	0.0
286	287	0.0	0.0
287	288	0.0	0.0
288	289	0.0	0.0
289	290	0.0	0.0
290	291	0.0	0.0
291	292	2.0	0.0
292	293	0.0	0.0
293	294	1.0	0.0
294	295	0.0	1.0
295	296	93.0	0.0
296	297	0.0	1.0
297	298	0.0	0.0
298	299	0.0	0.0
299	300	0.0	0.0
300	301	6.0	0.0
301	302	12.0	0.0
302	303	0.0	0.0
303	304	0.0	0.0
304	305	0.0	0.0
305	306	0.0	0.0
306	307	0.0	2.0
307	308	0.0	0.0
308	309	0.0	1.0
309	310	0.0	1.0
310	311	0.0	0.0
311	312	0.0	0.0
312	313	1.0	0.0
313	314	12.0	0.0
314	315	0.0	1.0
315	316	3.0	0.0
316	317	4.0	0.0
317	318	3.0	0.0
318	319	8.0	0.0
319	320	2.0	0.0
320	321	9.0	0.0
321	322	13.0	0.0
322	323	1.0	0.0
323	324	19.0	2.0
324	325	10.0	0.0
325	326	2.0	0.0
326	327	13.0	0.0
327	328	0.0	0.0
328	329	4.0	0.0
329	330	11.0	0.0
330	331	2.0	0.0
331	332	2.0	0.0
332	333	7.0	0.0
333	334	4.0	0.0
334	335	2.0	0.0
335	336	5.0	0.0
336	337	5.0	0.0
337	338	5.0	0.0
338	339	2.0	0.0
339	340	5.0	0.0
340	341	7.0	0.0
341	342	3.0	0.0
342	343	9.0	0.0
343	344	8.0	0.0
344	345	9.0	0.0
345	346	23.0	0.0
346	347	2.0	0.0
347	348	10.0	0.0
348	349	3.0	1.0
349	350	2.0	0.0
350	351	7.0	0.0
351	352	15.0	0.0
352	353	1.0	0.0
353	354	2.0	0.0
354	355	11.0	3.0
355	356	6.0	0.0
356	357	7.0	0.0
357	358	12.0	0.0
358	359	0.0	0.0
359	360	0.0	0.0
360	361	2.0	0.0
361	362	4.0	0.0
362	363	0.0	0.0
363	364	0.0	0.0
364	365	6.0	0.0
365	366	3.0	0.0
366	367	0.0	0.0
367	368	0.0	0.0
368	369	0.0	0.0
369	370	0.0	0.0
370	371	0.0	0.0
371	372	0.0	1.0
372	373	0.0	0.0
373	374	0.0	0.0
374	375	0.0	0.0
375	376	0.0	0.0
376	377	0.0	0.0
377	378	6.0	0.0
378	379	0.0	0.0
379	380	0.0	0.0
380	381	1.0	0.0
381	382	0.0	0.0
382	383	0.0	0.0
383	384	1.0	2.0
384	385	0.0	0.0
385	386	0.0	0.0
386	387	0.0	0.0
387	388	0.0	2.0
388	389	0.0	0.0
389	390	11.0	0.0
390	391	10.0	0.0
391	392	0.0	0.0
392	393	6.0	0.0
393	394	10.0	0.0
394	395	0.0	0.0
395	396	0.0	0.0
396	397	2.0	0.0
397	398	1.0	0.0
398	399	0.0	0.0
399	400	2.0	0.0
400	401	0.0	1.0
401	402	0.0	0.0
402	403	0.0	0.0
403	404	1.0	1.0
404	405	3.0	0.0
405	406	2.0	0.0
406	407	6.0	0.0
407	408	1.0	0.0
408	409	2.0	1.0
409	410	15.0	0.0
410	411	12.0	0.0
411	412	0.0	2.0
412	413	0.0	0.0
413	414	0.0	0.0
414	415	0.0	0.0
415	416	0.0	0.0
416	417	0.0	0.0
417	418	0.0	1.0
418	419	0.0	1.0
419	420	0.0	0.0
420	421	11.0	0.0
421	422	13.0	0.0
422	423	0.0	0.0
423	424	0.0	1.0
424	425	1.0	1.0
425	426	0.0	0.0
426	427	0.0	0.0
427	428	11.0	0.0
428	429	0.0	0.0
429	430	2.0	0.0
430	431	5.0	0.0
431	432	0.0	0.0
432	433	2.0	0.0
433	434	9.0	0.0
434	435	0.0	0.0
435	436	0.0	0.0
436	437	0.0	3.0
437	438	0.0	0.0
438	439	0.0	0.0
439	440	0.0	2.0
440	441	0.0	0.0
441	442	0.0	0.0
442	443	0.0	0.0
443	444	0.0	0.0
444	445	2.0	0.0
445	446	0.0	0.0
446	447	11.0	2.0
447	448	9.0	0.0
448	449	3.0	0.0
449	450	12.0	0.0
450	451	6.0	0.0
451	452	7.0	0.0
452	453	11.0	0.0
453	454	11.0	0.0
454	455	2.0	0.0
455	456	16.0	1.0
456	457	3.0	0.0
457	458	1.0	0.0
458	459	0.0	0.0
459	460	0.0	0.0
460	461	0.0	0.0
461	462	0.0	0.0
462	463	7.0	1.0
463	464	0.0	0.0
464	465	0.0	1.0
465	466	0.0	0.0
466	467	1.0	0.0
467	468	15.0	0.0
468	469	11.0	0.0
469	470	11.0	0.0
470	471	1.0	0.0
471	472	10.0	0.0
472	473	0.0	1.0
473	474	0.0	1.0
474	475	1.0	0.0
475	476	0.0	0.0
476	477	0.0	1.0
477	478	0.0	0.0
478	479	0.0	0.0
479	480	0.0	0.0
480	481	20.0	0.0
481	482	0.0	1.0
482	483	30.0	0.0
483	484	1.0	0.0
484	485	2.0	2.0
485	486	1.0	1.0
486	487	17.0	0.0
487	488	1.0	0.0
488	489	11.0	0.0
489	490	8.0	0.0
490	491	4.0	0.0
491	492	7.0	0.0
492	493	5.0	0.0
493	494	3.0	0.0
494	495	4.0	0.0
495	496	1.0	0.0
496	497	2.0	0.0
497	498	3.0	0.0
498	499	8.0	0.0
499	500	0.0	0.0
500	501	0.0	0.0
501	502	0.0	0.0
502	503	0.0	0.0
503	504	1.0	0.0
504	505	0.0	0.0
505	506	0.0	4.0
506	507	0.0	0.0
507	508	0.0	0.0
508	509	0.0	0.0
509	510	0.0	0.0
510	511	14.0	0.0
511	512	30.0	0.0
512	513	13.0	0.0
513	514	4.0	2.0
514	515	4.0	0.0
515	516	4.0	0.0
516	517	7.0	1.0
517	518	7.0	0.0
518	519	19.0	2.0
519	520	0.0	0.0
520	521	1.0	0.0
521	522	14.0	0.0
522	523	1.0	0.0
523	524	8.0	0.0
524	525	1.0	1.0
525	526	2.0	1.0
526	527	0.0	0.0
527	528	0.0	0.0
528	529	2.0	0.0
529	530	3.0	0.0
530	531	2.0	1.0
531	532	0.0	0.0
532	533	0.0	0.0
533	534	0.0	0.0
534	535	6.0	0.0
535	536	0.0	1.0
536	537	0.0	2.0
537	538	18.0	0.0
538	539	0.0	1.0
539	540	12.0	0.0
540	541	0.0	0.0
541	542	0.0	2.0
542	543	0.0	0.0
543	544	1.0	0.0
544	545	0.0	0.0
545	546	0.0	3.0
546	547	0.0	0.0
547	548	0.0	1.0
548	549	1.0	0.0
549	550	2.0	0.0
550	551	26.0	0.0
551	552	4.0	0.0
552	553	8.0	0.0
553	554	1.0	0.0
554	555	10.0	0.0
555	556	2.0	0.0
556	557	7.0	0.0
557	558	3.0	0.0
558	559	3.0	0.0
559	560	4.0	0.0
560	561	46.0	0.0
561	562	10.0	0.0
562	563	2.0	0.0
563	564	8.0	2.0
564	565	3.0	0.0
565	566	2.0	0.0
566	567	0.0	0.0
567	568	10.0	0.0
568	569	9.0	0.0
569	570	0.0	0.0
570	571	3.0	0.0
571	572	10.0	0.0
572	573	7.0	0.0
573	574	9.0	0.0
574	575	7.0	1.0
575	576	1.0	0.0
576	577	5.0	0.0
577	578	4.0	0.0
578	579	5.0	0.0
579	580	6.0	0.0
580	581	1.0	2.0
581	582	7.0	0.0
582	583	8.0	0.0
583	584	2.0	0.0
584	585	11.0	0.0
585	586	14.0	0.0
586	587	3.0	0.0
587	588	4.0	2.0
588	589	1.0	0.0
589	590	12.0	0.0
590	591	3.0	0.0
591	592	3.0	0.0
592	593	4.0	0.0
593	594	2.0	0.0
594	595	7.0	0.0
595	596	0.0	1.0
596	597	11.0	0.0
597	598	0.0	0.0
598	599	1.0	0.0
599	600	2.0	0.0
600	601	3.0	0.0
601	602	0.0	0.0
602	603	0.0	0.0
603	604	0.0	0.0
604	605	13.0	0.0
605	606	2.0	0.0
606	607	23.0	0.0
607	608	4.0	0.0
608	609	25.0	0.0
609	610	0.0	2.0
610	611	4.0	0.0
611	612	4.0	0.0
612	613	4.0	0.0
613	614	3.0	0.0
614	615	2.0	0.0
615	616	6.0	1.0
616	617	1.0	2.0
617	618	0.0	0.0
618	619	0.0	0.0
619	620	0.0	1.0
620	621	11.0	0.0
621	622	0.0	4.0
622	623	2.0	0.0
623	624	4.0	0.0
624	625	7.0	0.0
625	626	0.0	0.0
626	627	6.0	0.0
627	628	12.0	0.0
628	629	1.0	0.0
629	630	0.0	0.0
630	631	0.0	0.0
631	632	0.0	0.0
632	633	1.0	1.0
633	634	10.0	1.0
634	635	7.0	0.0
635	636	4.0	0.0
636	637	0.0	0.0
637	638	0.0	0.0
638	639	1.0	0.0
639	640	0.0	0.0
640	641	0.0	0.0
641	642	0.0	0.0
642	643	0.0	0.0
643	644	0.0	1.0
644	645	0.0	0.0
645	646	0.0	0.0
646	647	10.0	0.0
647	648	10.0	0.0
648	649	12.0	0.0
649	650	0.0	0.0
650	651	6.0	0.0
651	652	10.0	0.0
652	653	10.0	0.0
653	654	1.0	0.0
654	655	14.0	1.0
655	656	1.0	0.0
656	657	1.0	0.0
657	658	2.0	0.0
658	659	5.0	0.0
659	660	0.0	0.0
660	661	1.0	1.0
661	662	0.0	0.0
662	663	0.0	0.0
663	664	0.0	0.0
664	665	0.0	0.0
665	666	0.0	0.0
666	667	2.0	0.0
667	668	3.0	0.0
668	669	0.0	1.0
669	670	0.0	0.0
670	671	9.0	1.0
671	672	13.0	0.0
672	673	2.0	3.0
673	674	2.0	0.0
674	675	10.0	0.0
675	676	0.0	2.0
676	677	0.0	0.0
677	678	0.0	0.0
678	679	0.0	0.0
679	680	0.0	0.0
680	681	0.0	0.0
681	682	0.0	0.0
682	683	0.0	0.0
683	684	3.0	0.0
684	685	3.0	0.0
685	686	0.0	0.0
686	687	2.0	0.0
687	688	0.0	0.0
688	689	1.0	0.0
689	690	0.0	0.0
690	691	0.0	1.0
691	692	0.0	2.0
692	693	0.0	0.0
693	694	3.0	0.0
694	695	0.0	0.0
695	696	0.0	3.0
696	697	3.0	0.0
697	698	0.0	2.0
698	699	0.0	0.0
699	700	0.0	0.0
700	701	13.0	0.0
701	702	12.0	0.0
702	703	4.0	0.0
703	704	23.0	0.0
704	705	3.0	0.0
705	706	23.0	0.0
706	707	2.0	0.0
707	708	12.0	1.0
708	709	0.0	0.0
709	710	0.0	0.0
710	711	0.0	0.0
711	712	0.0	0.0
712	713	0.0	1.0
713	714	0.0	0.0
714	715	0.0	0.0
715	716	0.0	0.0
716	717	0.0	1.0
717	718	0.0	0.0
718	719	0.0	0.0
719	720	2.0	0.0
720	721	0.0	0.0
721	722	0.0	0.0
722	723	1.0	0.0
723	724	0.0	0.0
724	725	0.0	0.0
725	726	0.0	0.0
726	727	0.0	0.0
727	728	0.0	0.0
728	729	0.0	0.0
729	730	3.0	0.0
730	731	17.0	0.0
731	732	5.0	0.0
732	733	3.0	0.0
733	734	8.0	0.0
734	735	3.0	0.0
735	736	7.0	0.0
736	737	0.0	0.0
737	738	2.0	0.0
738	739	8.0	0.0
739	740	3.0	0.0
740	741	12.0	0.0
741	742	10.0	0.0
742	743	15.0	0.0
743	744	13.0	0.0
744	745	4.0	0.0
745	746	0.0	0.0
746	747	0.0	3.0
747	748	11.0	0.0
748	749	3.0	0.0
749	750	1.0	0.0
750	751	6.0	3.0
751	752	1.0	0.0
752	753	6.0	0.0
753	754	5.0	0.0
754	755	0.0	0.0
755	756	1.0	0.0
756	757	1.0	0.0
757	758	2.0	0.0
758	759	0.0	0.0
759	760	2.0	0.0
760	761	0.0	0.0
761	762	0.0	0.0
762	763	1.0	0.0
763	764	2.0	0.0
764	765	0.0	0.0
765	766	0.0	0.0
766	767	1.0	0.0
767	768	9.0	0.0
768	769	3.0	0.0
769	770	2.0	0.0
770	771	1.0	0.0
771	772	6.0	0.0
772	773	5.0	0.0
773	774	2.0	0.0
774	775	2.0	0.0
775	776	7.0	0.0
776	777	4.0	0.0
777	778	12.0	2.0
778	779	23.0	1.0
779	780	10.0	0.0
780	781	5.0	0.0
781	782	2.0	0.0
782	783	18.0	0.0
783	784	19.0	0.0
784	785	0.0	0.0
785	786	1.0	0.0
786	787	12.0	0.0
787	788	2.0	1.0
788	789	4.0	0.0
789	790	6.0	0.0
790	791	1.0	0.0
791	792	0.0	1.0
792	793	0.0	2.0
793	794	0.0	0.0
794	795	0.0	2.0
795	796	0.0	1.0
796	797	0.0	0.0
797	798	1.0	1.0
798	799	0.0	2.0
799	800	0.0	0.0
800	801	0.0	1.0
801	802	9.0	0.0
802	803	0.0	0.0
803	804	0.0	0.0
804	805	0.0	0.0
805	806	0.0	0.0
806	807	1.0	0.0
807	808	0.0	1.0
808	809	0.0	0.0
809	810	2.0	0.0
810	811	33.0	1.0
811	812	15.0	0.0
812	813	58.0	0.0
813	814	0.0	0.0
814	815	0.0	0.0
815	816	0.0	1.0
816	817	2.0	0.0
817	818	0.0	0.0
818	819	0.0	0.0
819	820	0.0	0.0
820	821	0.0	0.0
821	822	5.0	1.0
822	823	2.0	0.0
823	824	0.0	1.0
824	825	0.0	1.0
825	826	0.0	1.0
826	827	1.0	2.0
827	828	0.0	0.0
828	829	0.0	0.0
829	830	0.0	0.0
830	831	0.0	0.0
831	832	4.0	0.0
832	833	1.0	0.0
833	834	0.0	1.0
834	835	1.0	0.0
835	836	0.0	0.0
836	837	0.0	0.0
837	838	0.0	0.0
838	839	0.0	0.0
839	840	1.0	0.0
840	841	0.0	0.0
841	842	0.0	0.0
842	843	0.0	0.0
843	844	0.0	0.0
844	845	4.0	0.0
845	846	1.0	0.0
846	847	0.0	0.0
847	848	0.0	0.0
848	849	0.0	0.0
849	850	4.0	0.0
850	851	1.0	2.0
851	852	1.0	0.0
852	853	0.0	1.0
853	854	6.0	0.0
854	855	0.0	1.0
855	856	0.0	1.0
856	857	0.0	0.0
857	858	0.0	0.0
858	859	0.0	0.0
859	860	34.0	2.0
860	861	0.0	0.0
861	862	4.0	0.0
862	863	0.0	0.0
863	864	1.0	0.0
864	865	0.0	0.0
865	866	34.0	0.0
866	867	0.0	0.0
867	868	0.0	1.0
868	869	0.0	0.0
869	870	0.0	0.0
870	871	0.0	0.0
871	872	0.0	2.0
872	873	0.0	0.0
873	874	0.0	0.0
874	875	2.0	0.0
875	876	21.0	0.0
876	877	2.0	0.0
877	878	5.0	0.0
878	879	7.0	0.0
879	880	2.0	0.0
880	881	6.0	0.0
881	882	35.0	0.0
882	883	25.0	1.0
883	884	0.0	0.0
884	885	0.0	0.0
885	886	1.0	0.0
886	887	0.0	0.0
887	888	0.0	1.0
888	889	0.0	0.0
889	890	24.0	0.0
890	891	0.0	0.0
891	892	0.0	0.0
892	893	0.0	0.0
893	894	37.0	0.0
894	895	2.0	0.0
895	896	2.0	0.0
896	897	20.0	0.0
897	898	13.0	0.0
898	899	10.0	0.0
899	900	2.0	0.0
900	901	0.0	0.0
901	902	3.0	0.0
902	903	26.0	0.0
903	904	2.0	0.0
904	905	9.0	0.0
905	906	3.0	0.0
906	907	2.0	0.0
907	908	2.0	0.0
908	909	21.0	0.0
909	910	5.0	0.0
910	911	4.0	0.0
911	912	11.0	0.0
912	913	3.0	0.0
913	914	4.0	3.0
914	915	1.0	2.0
915	916	2.0	0.0
916	917	2.0	0.0
917	918	7.0	2.0
918	919	4.0	3.0
919	920	2.0	0.0
920	921	8.0	0.0
921	922	5.0	1.0
922	923	5.0	0.0
923	924	0.0	1.0
924	925	0.0	0.0
925	926	1.0	0.0
926	927	5.0	0.0
927	928	6.0	0.0
928	929	3.0	0.0
929	930	13.0	0.0
930	931	14.0	0.0
931	932	16.0	0.0
932	933	2.0	0.0
933	934	3.0	0.0
934	935	0.0	2.0
935	936	1.0	0.0
936	937	0.0	0.0
937	938	0.0	0.0
938	939	0.0	0.0
939	940	0.0	0.0
940	941	0.0	0.0
941	942	0.0	0.0
942	943	4.0	0.0
943	944	0.0	1.0
944	945	1.0	0.0
945	946	0.0	0.0
946	947	0.0	0.0
947	948	4.0	0.0
948	949	7.0	0.0
949	950	0.0	0.0
950	951	0.0	0.0
951	952	7.0	1.0
952	953	1.0	0.0
953	954	0.0	0.0
954	955	0.0	0.0
955	956	0.0	1.0
956	957	0.0	0.0
957	958	0.0	0.0
958	959	12.0	0.0
959	960	2.0	0.0
960	961	1.0	0.0
961	962	0.0	0.0
962	963	4.0	1.0
963	964	0.0	0.0
964	965	9.0	0.0
965	966	2.0	0.0
966	967	9.0	0.0
967	968	1.0	0.0
968	969	0.0	0.0
969	970	1.0	0.0
970	971	2.0	0.0
971	972	18.0	0.0
972	973	58.0	0.0
973	974	3.0	0.0
974	975	25.0	0.0
975	976	7.0	0.0
976	977	3.0	0.0
977	978	1.0	0.0
978	979	0.0	3.0
979	980	2.0	1.0
980	981	23.0	0.0
981	982	122.0	0.0
982	983	169.0	0.0
983	984	0.0	0.0
984	985	2.0	0.0
985	986	0.0	0.0
986	987	0.0	0.0
987	988	0.0	0.0
988	989	3.0	0.0
989	990	0.0	0.0
990	991	1.0	0.0
991	992	6.0	0.0
992	993	7.0	0.0
993	994	3.0	0.0
994	995	2.0	2.0
995	996	2.0	0.0
996	997	7.0	0.0
997	998	0.0	0.0
998	999	38.0	0.0
999	1000	2.0	0.0
1000	1001	8.0	0.0
1001	1002	9.0	0.0
1002	1003	2.0	0.0
1003	1004	0.0	0.0
1004	1005	0.0	0.0
1005	1006	0.0	2.0
1006	1007	1.0	2.0
1007	1008	0.0	0.0
1008	1009	0.0	4.0
1009	1010	0.0	2.0
1010	1011	0.0	2.0
1011	1012	0.0	0.0
1012	1013	16.0	0.0
1013	1014	0.0	0.0
1014	1015	0.0	0.0
1015	1016	0.0	0.0
1016	1017	0.0	0.0
1017	1018	7.0	1.0
1018	1019	10.0	0.0
1019	1020	4.0	0.0
1020	1021	2.0	0.0
1021	1022	5.0	0.0
1022	1023	9.0	0.0
1023	1024	2.0	1.0
1024	1025	3.0	0.0
1025	1026	0.0	0.0
1026	1027	0.0	0.0
1027	1028	1.0	0.0
1028	1029	0.0	0.0
1029	1030	0.0	0.0
1030	1031	20.0	0.0
1031	1032	0.0	0.0
1032	1033	0.0	1.0
1033	1034	0.0	0.0
1034	1035	0.0	0.0
1035	1036	0.0	0.0
1036	1037	0.0	0.0
1037	1038	0.0	0.0
1038	1039	0.0	0.0
1039	1040	2.0	1.0
1040	1041	0.0	0.0
1041	1042	0.0	0.0
1042	1043	4.0	0.0
1043	1044	0.0	0.0
1044	1045	0.0	0.0
1045	1046	0.0	0.0
1046	1047	0.0	0.0
1047	1048	0.0	0.0
1048	1049	1.0	0.0
1049	1050	0.0	0.0
1050	1051	1.0	0.0
1051	1052	7.0	0.0
1052	1053	10.0	0.0
1053	1054	0.0	0.0
1054	1055	0.0	0.0
1055	1056	1.0	0.0
1056	1057	8.0	0.0
1057	1058	0.0	0.0
1058	1059	1.0	0.0
1059	1060	6.0	0.0
1060	1061	0.0	1.0
1061	1062	0.0	0.0
1062	1063	0.0	0.0
1063	1064	0.0	0.0
1064	1065	0.0	0.0
1065	1066	0.0	0.0
1066	1067	0.0	0.0
1067	1068	0.0	1.0
1068	1069	0.0	0.0
1069	1070	0.0	0.0
1070	1071	0.0	1.0
1071	1072	17.0	0.0
1072	1073	7.0	0.0
1073	1074	0.0	0.0
1074	1075	0.0	1.0
1075	1076	1.0	0.0
1076	1077	3.0	0.0
1077	1078	0.0	0.0
1078	1079	1.0	0.0
1079	1080	0.0	1.0
1080	1081	0.0	0.0
1081	1082	0.0	1.0
1082	1083	0.0	0.0
1083	1084	0.0	1.0
1084	1085	2.0	0.0
1085	1086	0.0	0.0
1086	1087	0.0	0.0
1087	1088	1.0	1.0
1088	1089	9.0	0.0
1089	1090	4.0	0.0
1090	1091	20.0	0.0
1091	1092	11.0	0.0
1092	1093	2.0	0.0
1093	1094	4.0	0.0
1094	1095	2.0	0.0
1095	1096	7.0	0.0
1096	1097	1.0	0.0
1097	1098	1.0	0.0
1098	1099	0.0	0.0
1099	1100	1.0	0.0
1100	1101	0.0	0.0
1101	1102	0.0	0.0
1102	1103	4.0	0.0
1103	1104	5.0	0.0
1104	1105	0.0	0.0
1105	1106	3.0	0.0
1106	1107	2.0	0.0
1107	1108	0.0	0.0
1108	1109	0.0	2.0
1109	1110	2.0	1.0
1110	1111	0.0	0.0
1111	1112	0.0	0.0
1112	1113	0.0	1.0
1113	1114	0.0	0.0
1114	1115	1.0	0.0
1115	1116	4.0	0.0
1116	1117	4.0	0.0
1117	1118	3.0	0.0
1118	1119	4.0	0.0
1119	1120	4.0	0.0
1120	1121	0.0	2.0
1121	1122	2.0	0.0
1122	1123	5.0	0.0
1123	1124	4.0	0.0
1124	1125	3.0	0.0
1125	1126	6.0	0.0
1126	1127	18.0	0.0
1127	1128	12.0	0.0
1128	1129	18.0	0.0
1129	1130	2.0	0.0
1130	1131	8.0	0.0
1131	1132	26.0	0.0
1132	1133	17.0	0.0
1133	1134	0.0	0.0
1134	1135	11.0	0.0
1135	1136	11.0	0.0
1136	1137	9.0	0.0
1137	1138	1.0	0.0
1138	1139	0.0	0.0
1139	1140	9.0	0.0
1140	1141	2.0	0.0
1141	1142	3.0	0.0
1142	1143	2.0	0.0
1143	1144	3.0	0.0
1144	1145	4.0	0.0
1145	1146	3.0	0.0
1146	1147	26.0	0.0
1147	1148	1.0	0.0
1148	1149	1.0	0.0
1149	1150	36.0	2.0
1150	1151	7.0	0.0
1151	1152	3.0	0.0
1152	1153	3.0	0.0
1153	1154	4.0	0.0
1154	1155	1.0	0.0
1155	1156	9.0	0.0
1156	1157	12.0	0.0
1157	1158	2.0	0.0
1158	1159	1.0	0.0
1159	1160	17.0	0.0
1160	1161	5.0	0.0
1161	1162	3.0	0.0
1162	1163	4.0	0.0
1163	1164	3.0	0.0
1164	1165	2.0	0.0
1165	1166	3.0	0.0
1166	1167	0.0	0.0
1167	1168	3.0	0.0
1168	1169	24.0	1.0
1169	1170	0.0	0.0
1170	1171	0.0	0.0
1171	1172	4.0	0.0
1172	1173	0.0	0.0
1173	1174	3.0	0.0
1174	1175	10.0	0.0
1175	1176	9.0	0.0
1176	1177	0.0	0.0
1177	1178	19.0	0.0
1178	1179	0.0	0.0
1179	1180	0.0	0.0
1180	1181	1.0	0.0
1181	1182	0.0	0.0
1182	1183	0.0	1.0
1183	1184	0.0	0.0
1184	1185	1.0	0.0
1185	1186	0.0	0.0
1186	1187	0.0	0.0
1187	1188	5.0	0.0
1188	1189	4.0	0.0
1189	1190	4.0	1.0
1190	1191	1.0	0.0
1191	1192	8.0	0.0
1192	1193	2.0	0.0
1193	1194	0.0	0.0
1194	1195	2.0	1.0
1195	1196	0.0	0.0
1196	1197	0.0	0.0
1197	1198	0.0	0.0
1198	1199	21.0	0.0
1199	1200	0.0	0.0
1200	1201	0.0	0.0
1201	1202	1.0	1.0
1202	1203	0.0	0.0
1203	1204	0.0	0.0
1204	1205	0.0	0.0
1205	1206	12.0	0.0
1206	1207	1.0	0.0
1207	1208	7.0	0.0
1208	1209	5.0	0.0
1209	1210	11.0	1.0
1210	1211	0.0	0.0
1211	1212	1.0	0.0
1212	1213	8.0	0.0
1213	1214	27.0	0.0
1214	1215	10.0	0.0
1215	1216	7.0	0.0
1216	1217	6.0	0.0
1217	1218	3.0	0.0
1218	1219	3.0	0.0
1219	1220	3.0	0.0
1220	1221	4.0	0.0
1221	1222	13.0	0.0
1222	1223	14.0	0.0
1223	1224	5.0	0.0
1224	1225	6.0	0.0
1225	1226	11.0	0.0
1226	1227	0.0	1.0
1227	1228	0.0	1.0
1228	1229	13.0	2.0
1229	1230	6.0	1.0
1230	1231	6.0	0.0
1231	1232	6.0	0.0
1232	1233	0.0	0.0
1233	1234	0.0	1.0
1234	1235	0.0	0.0
1235	1236	6.0	0.0
1236	1237	11.0	0.0
1237	1238	0.0	2.0
1238	1239	0.0	0.0
1239	1240	0.0	0.0
1240	1241	1.0	0.0
1241	1242	0.0	0.0
1242	1243	0.0	0.0
1243	1244	0.0	1.0
1244	1245	2.0	0.0
1245	1246	16.0	0.0
1246	1247	15.0	0.0
1247	1248	9.0	0.0
1248	1249	8.0	0.0
1249	1250	4.0	0.0
1250	1251	5.0	0.0
1251	1252	0.0	0.0
1252	1253	0.0	1.0
1253	1254	0.0	0.0
1254	1255	0.0	0.0
1255	1256	0.0	0.0
1256	1257	0.0	0.0
1257	1258	0.0	0.0
1258	1259	1.0	0.0
1259	1260	0.0	0.0
1260	1261	0.0	0.0
1261	1262	0.0	1.0
1262	1263	14.0	1.0
1263	1264	3.0	0.0
1264	1265	2.0	0.0
1265	1266	12.0	0.0
1266	1267	6.0	0.0
1267	1268	19.0	0.0
1268	1269	32.0	0.0
1269	1270	0.0	0.0
1270	1271	7.0	0.0
1271	1272	4.0	0.0
1272	1273	10.0	0.0
1273	1274	26.0	0.0
1274	1275	1.0	0.0
1275	1276	2.0	0.0
1276	1277	7.0	0.0
1277	1278	4.0	0.0
1278	1279	5.0	0.0
1279	1280	0.0	2.0
1280	1281	0.0	0.0
1281	1282	0.0	0.0
1282	1283	4.0	1.0
1283	1284	1.0	0.0
1284	1285	0.0	0.0
1285	1286	0.0	0.0
1286	1287	0.0	0.0
1287	1288	0.0	0.0
1288	1289	35.0	3.0
1289	1290	0.0	0.0
1290	1291	0.0	0.0
1291	1292	14.0	0.0
1292	1293	0.0	0.0
1293	1294	0.0	1.0
1294	1295	1.0	0.0
1295	1296	0.0	0.0
1296	1297	2.0	0.0
1297	1298	4.0	3.0
1298	1299	0.0	0.0
1299	1300	9.0	0.0
1300	1301	0.0	0.0
1301	1302	12.0	0.0
1302	1303	14.0	0.0
1303	1304	0.0	0.0
1304	1305	0.0	0.0
1305	1306	0.0	0.0
1306	1307	0.0	0.0
1307	1308	0.0	1.0
1308	1309	0.0	1.0
1309	1310	0.0	0.0
1310	1311	0.0	0.0
1311	1312	0.0	0.0
1312	1313	0.0	1.0
1313	1314	1.0	1.0
1314	1315	0.0	0.0
1315	1316	0.0	0.0
1316	1317	0.0	1.0
1317	1318	2.0	0.0
1318	1319	3.0	0.0
1319	1320	3.0	1.0
1320	1321	3.0	2.0
1321	1322	10.0	0.0
1322	1323	12.0	0.0
1323	1324	21.0	0.0
1324	1325	5.0	0.0
1325	1326	10.0	0.0
1326	1327	0.0	0.0
1327	1328	0.0	0.0
1328	1329	0.0	0.0
1329	1330	0.0	0.0
1330	1331	10.0	0.0
1331	1332	0.0	0.0
1332	1333	17.0	0.0
1333	1334	18.0	0.0
1334	1335	0.0	0.0
1335	1336	6.0	0.0
1336	1337	11.0	0.0
1337	1338	6.0	4.0
1338	1339	0.0	0.0
1339	1340	0.0	0.0
1340	1341	0.0	0.0
1341	1342	0.0	0.0
1342	1343	0.0	0.0
1343	1344	0.0	0.0
1344	1345	0.0	0.0
1345	1346	0.0	0.0
1346	1347	0.0	0.0
1347	1348	0.0	0.0
1348	1349	0.0	0.0
1349	1350	0.0	0.0
1350	1351	0.0	0.0
1351	1352	0.0	0.0
1352	1353	0.0	0.0
1353	1354	0.0	0.0
1354	1355	0.0	0.0
1355	1356	0.0	0.0
1356	1357	0.0	0.0
1357	1358	0.0	0.0
1358	1359	0.0	0.0
1359	1360	0.0	0.0
1360	1361	0.0	0.0
1361	1362	0.0	0.0
1362	1363	0.0	0.0
1363	1364	0.0	0.0
1364	1365	0.0	0.0
1365	1366	0.0	0.0
1366	1367	0.0	0.0
1367	1368	0.0	0.0
1368	1369	0.0	0.0
1369	1370	0.0	0.0
1370	1371	0.0	0.0
1371	1372	0.0	0.0
1372	1373	0.0	0.0
1373	1374	0.0	0.0
1374	1375	0.0	0.0
1375	1376	0.0	0.0
1376	1377	0.0	0.0
1377	1378	0.0	0.0
1378	1379	1.0	0.0
1379	1380	0.0	0.0
1380	1381	1.0	0.0
1381	1382	0.0	0.0
1382	1383	1.0	3.0
1383	1384	1.0	1.0
1384	1385	0.0	1.0
1385	1386	0.0	0.0
1386	1387	0.0	0.0
1387	1388	1.0	0.0
1388	1389	2.0	1.0
1389	1390	116.0	0.0
1390	1391	8.0	0.0
1391	1392	0.0	0.0
1392	1393	2.0	0.0
1393	1394	7.0	0.0
1394	1395	8.0	0.0
1395	1396	4.0	0.0
1396	1397	0.0	0.0
1397	1398	0.0	0.0
1398	1399	2.0	0.0
1399	1400	76.0	0.0
1400	1401	109.0	0.0
1401	1402	159.0	0.0
1402	1403	0.0	0.0
1403	1404	0.0	0.0
1404	1405	0.0	0.0
1405	1406	5.0	0.0
1406	1407	0.0	0.0
1407	1408	0.0	0.0
1408	1409	0.0	0.0
1409	1410	0.0	0.0
1410	1411	0.0	0.0
1411	1412	0.0	0.0
1412	1413	18.0	0.0
1413	1414	5.0	1.0
1414	1415	0.0	0.0
1415	1416	0.0	0.0
1416	1417	2.0	0.0
1417	1418	0.0	0.0
1418	1419	0.0	0.0
1419	1420	0.0	0.0
1420	1421	2.0	0.0
1421	1422	1.0	0.0
1422	1423	17.0	0.0
1423	1424	0.0	0.0
1424	1425	6.0	2.0
1425	1426	11.0	0.0
1426	1427	9.0	0.0
1427	1428	11.0	0.0
1428	1429	1.0	0.0
1429	1430	2.0	0.0
1430	1431	2.0	0.0
1431	1432	9.0	0.0
1432	1433	2.0	0.0
1433	1434	0.0	1.0
1434	1435	0.0	0.0
1435	1436	0.0	0.0
1436	1437	0.0	0.0
1437	1438	9.0	2.0
1438	1439	7.0	0.0
1439	1440	9.0	0.0
1440	1441	1.0	0.0
1441	1442	0.0	0.0
1442	1443	1.0	1.0
1443	1444	4.0	0.0
1444	1445	0.0	0.0
1445	1446	16.0	1.0
1446	1447	7.0	0.0
1447	1448	1.0	0.0
1448	1449	10.0	0.0
1449	1450	24.0	1.0
1450	1451	0.0	0.0
1451	1452	0.0	0.0
1452	1453	9.0	0.0
1453	1454	0.0	0.0
1454	1455	0.0	0.0
1455	1456	6.0	0.0
1456	1457	4.0	0.0
1457	1458	0.0	0.0
1458	1459	19.0	1.0
1459	1460	0.0	0.0
1460	1461	3.0	0.0
1461	1462	0.0	0.0
1462	1463	0.0	0.0
1463	1464	0.0	0.0
1464	1465	0.0	0.0
1465	1466	3.0	0.0
1466	1467	0.0	0.0
1467	1468	0.0	0.0
1468	1469	0.0	0.0
1469	1470	2.0	0.0
1470	1471	0.0	0.0
1471	1472	0.0	0.0
1472	1473	0.0	1.0
1473	1474	0.0	0.0
1474	1475	2.0	1.0
1475	1476	3.0	0.0
1476	1477	0.0	0.0
1477	1478	0.0	0.0
1478	1479	2.0	2.0
1479	1480	0.0	0.0
1480	1481	1.0	0.0
1481	1482	1.0	0.0
1482	1483	0.0	0.0
1483	1484	0.0	0.0
1484	1485	0.0	0.0
1485	1486	2.0	0.0
1486	1487	0.0	0.0
1487	1488	0.0	0.0
1488	1489	10.0	0.0
1489	1490	2.0	0.0
1490	1491	1.0	0.0
1491	1492	2.0	0.0
1492	1493	3.0	1.0
1493	1494	3.0	0.0
1494	1495	0.0	0.0
1495	1496	6.0	0.0
1496	1497	14.0	0.0
1497	1498	7.0	0.0
1498	1499	10.0	0.0
1499	1500	1.0	0.0
1500	1501	0.0	0.0
1501	1502	2.0	0.0
1502	1503	20.0	0.0
1503	1504	0.0	0.0
1504	1505	17.0	0.0
1505	1506	8.0	0.0
1506	1507	6.0	0.0
1507	1508	7.0	0.0
1508	1509	2.0	0.0
1509	1510	0.0	1.0
1510	1511	0.0	0.0
1511	1512	3.0	0.0
1512	1513	12.0	0.0
1513	1514	4.0	0.0
1514	1515	3.0	0.0
1515	1516	8.0	0.0
1516	1517	3.0	0.0
1517	1518	6.0	0.0
1518	1519	4.0	0.0
1519	1520	11.0	0.0
1520	1521	4.0	0.0
1521	1522	1.0	0.0
1522	1523	3.0	0.0
1523	1524	6.0	1.0
1524	1525	5.0	0.0
1525	1526	6.0	0.0
1526	1527	1.0	0.0
1527	1528	2.0	0.0
1528	1529	1.0	0.0
1529	1530	2.0	0.0
1530	1531	6.0	0.0
1531	1532	7.0	0.0
1532	1533	0.0	1.0
1533	1534	0.0	2.0
1534	1535	1.0	1.0
1535	1536	8.0	0.0
1536	1537	8.0	0.0
1537	1538	2.0	4.0
1538	1539	0.0	0.0
1539	1540	0.0	0.0
1540	1541	0.0	0.0
1541	1542	2.0	0.0
1542	1543	0.0	0.0
1543	1544	2.0	0.0
1544	1545	3.0	0.0
1545	1546	4.0	0.0
1546	1547	4.0	0.0
1547	1548	0.0	1.0
1548	1549	0.0	1.0
1549	1550	2.0	1.0
1550	1551	1.0	0.0
1551	1552	0.0	0.0
1552	1553	2.0	0.0
1553	1554	1.0	2.0
1554	1555	0.0	0.0
1555	1556	18.0	0.0
